{
    "loss": 30.050121307373047,
    "accuracy": 0.5467625856399536
}